Date,Open,High,Low,Close,Volume,Adj Close
1/3/2000,17057.7,17426.16,14763.97,15405.63,0,15405.63
1/10/2000,15631,16196.09,15322.19,15542.23,0,15542.23
1/17/2000,15666.06,15827.51,14903.7,15108.41,0,15108.41
1/24/2000,15233.79,16315.74,14910.29,16185.94,0,16185.94
1/31/2000,15889.05,16010.03,15444.82,15968.12,0,15968.12
2/8/2000,16079.89,17653.65,15940.31,17380.3,0,17380.3
2/14/2000,17546.47,17939.27,16468.95,16599.16,0,16599.16
2/21/2000,16412.63,17414.46,15776.35,17200.98,0,17200.98
2/28/2000,17434.72,17746.77,16617.95,17285.24,0,17285.24
3/6/2000,17500.97,18249.86,17323.76,17831.86,0,17831.86
3/13/2000,17650.62,17786.28,16315.04,17082.99,0,17082.99
3/20/2000,16878.81,17879.37,16708.72,17784.57,0,17784.57
3/27/2000,17827.71,18397.57,17107.44,17406.54,0,17406.54
4/3/2000,17444.48,17458.06,16246.53,16941.68,0,16941.68
4/10/2000,17038.22,17083.27,15906.29,16142.76,0,16142.76
4/17/2000,15306.05,15667.16,14624.33,15367.14,0,15367.14
4/25/2000,15335.89,15629.52,15068.66,15519.3,0,15519.3
5/2/2000,15751.03,15912.27,15171.11,15268.64,0,15268.64
5/8/2000,15337.66,15443.33,14288.33,15111.94,0,15111.94
5/15/2000,15117.75,15293.26,14166.36,14478.26,0,14478.26
5/22/2000,14278.51,14311.7,13596.63,13722.7,0,13722.7
5/29/2000,13735.07,15344.13,13606.19,15284.1,0,15284.1
6/5/2000,15643.79,16154.8,15643.79,16120.26,0,16120.26
6/12/2000,16125.75,16483.91,15621.3,16434.38,0,16434.38
6/19/2000,16332.69,16525.02,15667.35,15738.08,0,15738.08
6/26/2000,15726.12,16534.48,15644.61,16155.78,0,16155.78
7/3/2000,16177.06,16861.58,15928.92,16829.96,0,16829.96
7/10/2000,17024.46,17834.95,17024.46,17586.16,0,17586.16
7/17/2000,17736.62,18125.57,17388.63,17920.86,0,17920.86
7/24/2000,17866.28,18028.65,16994.37,17183.93,0,17183.93
7/31/2000,16977.7,17555.2,16729.98,17425.7,0,17425.7
8/7/2000,17538.81,17761.95,16951.04,17214.42,0,17214.42
8/14/2000,17245.34,17794.32,16945.44,17440,0,17440
8/21/2000,17432.42,17785.08,17058.34,17236.74,0,17236.74
8/28/2000,17220.79,17391.01,16929.64,17333.61,0,17333.61
9/4/2000,17421.34,17803.2,17228.52,17275.45,0,17275.45
9/11/2000,17199.28,17199.28,16195.69,16249.53,0,16249.53
9/18/2000,16010.69,16010.69,14538.88,14612.88,0,14612.88
9/25/2000,14894.09,15772.56,14894.09,15648.98,0,15648.98
10/3/2000,15586.03,16245.61,15469.39,16184.68,0,16184.68
10/9/2000,16046.88,16057.4,14494.38,14680.5,0,14680.5
10/16/2000,15185.68,15284.65,14107.74,15044.53,0,15044.53
10/23/2000,15038.25,15209.34,14764.5,14902.46,0,14902.46
10/30/2000,14936.19,15693.03,14729.21,15594.12,0,15594.12
11/6/2000,15625.43,16023.41,15324.13,15389.39,0,15389.39
11/13/2000,15078.75,15473.76,14802.48,15180.85,0,15180.85
11/20/2000,15154.04,15379.39,14257.54,14376.9,0,14376.9
11/27/2000,14491.37,14691.07,13894.19,14441.43,0,14441.43
12/4/2000,14470.49,15281.81,14403.38,15189.33,0,15189.33
12/11/2000,15274.07,15637.78,14914.05,14975.53,0,14975.53
12/18/2000,14901.43,15192.22,14476.79,14738.21,0,14738.21
12/27/2000,14811.95,15154.92,14727.45,15095.53,0,15095.53
1/2/2001,15089.85,15494.56,14512.71,15447.61,0,15447.61
1/8/2001,15328.12,15555.97,15060.81,15295.42,0,15295.42
1/15/2001,15288.81,15964.93,15146.65,15933.55,0,15933.55
1/22/2001,15967.66,16106.16,15906.58,16044.21,0,16044.21
1/29/2001,16176.1,16274.67,15877.23,16071.29,0,16071.29
2/5/2001,16013.46,16060.32,15753.97,15873.28,0,15873.28
2/12/2001,15807.64,16021.22,15544.62,15630.31,0,15630.31
2/19/2001,15552.94,15613.44,15039.08,15280.56,0,15280.56
2/26/2001,15278.15,15304.66,13951.43,13966.43,0,13966.43
3/5/2001,14011.3,14432.22,13908.07,14194.35,0,14194.35
3/12/2001,13969.05,13969.05,12947.59,13522.04,0,13522.04
3/19/2001,13383.81,13565.97,12396.97,12583.36,0,12583.36
3/26/2001,12678.9,13056.32,12523.61,12760.64,0,12760.64
4/2/2001,12750.31,12843.9,12062.84,12386.61,0,12386.61
4/9/2001,12355.61,13018.57,12061.55,12989.47,0,12989.47
4/17/2001,12881.52,13621.8,12597.36,13448.13,0,13448.13
4/23/2001,13444.41,13444.41,13125.36,13386.04,0,13386.04
5/2/2001,13596.27,13844.36,13319.39,13390.99,0,13390.99
5/7/2001,13464.34,13726.45,13408.99,13636.61,0,13636.61
5/14/2001,13608.84,13713.06,13209.55,13459.18,0,13459.18
5/21/2001,13465.72,13989.16,13465.72,13753.99,0,13753.99
5/28/2001,13738.07,13767.45,13091.51,13141.38,0,13141.38
6/4/2001,13167.02,13900.68,13146.72,13808.89,0,13808.89
6/11/2001,13748.43,13846.33,12949.07,13102.5,0,13102.5
6/18/2001,13092.77,13253.34,12891.2,13174.02,0,13174.02
6/26/2001,13142.43,13142.43,12787.01,13042.53,0,13042.53
7/3/2001,13068.3,13236.98,12986.59,12999.48,0,12999.48
7/9/2001,12768.62,12820.85,12457.51,12612.79,194500400,12612.79
7/16/2001,12663.46,12692.09,12191.57,12301.68,148200700,12301.68
7/23/2001,12232.75,12257.58,12003.16,12182.17,162849600,12182.17
7/30/2001,12103.56,12544.64,12007.67,12269.08,197304400,12269.08
8/6/2001,12255.53,12260.23,11605.04,11765.81,181796400,11765.81
8/13/2001,11779.46,12195.08,11624.99,11754.81,250903400,11754.81
8/20/2001,11573.46,11573.46,11049.45,11110.3,242229600,11110.3
8/27/2001,11307.18,11372.29,11003.95,11090.48,204954800,11090.48
9/3/2001,11058.8,11180.79,10346.88,10384.2,266862400,10384.2
9/10/2001,10227.47,10427.29,9170.24,9655.45,73431200,9655.45
9/17/2001,9397.24,9608.51,8894.36,8934.2,227632600,8934.2
9/24/2001,8971.47,9959.35,8971.47,9950.7,363606200,9950.7
10/3/2001,9995.22,10315.01,9883.76,10277.38,422729900,10277.38
10/8/2001,10153.56,10638.58,9904.93,10274.13,415764300,10274.13
10/15/2001,10195.64,10331.82,9801.63,9825.84,309144800,9825.84
10/22/2001,9832.11,10475.19,9758.98,10404.74,242960400,10404.74
10/29/2001,10406.93,10406.93,9927.41,10186.06,244538200,10186.06
11/5/2001,10202.3,10716.55,10165.51,10609.25,316774100,10609.25
11/12/2001,10618.07,11393.49,10462.02,11287.37,399082800,11287.37
11/19/2001,11292.98,11501.04,11114.54,11322.36,353594400,11322.36
11/26/2001,11380,11525.26,10905.04,11279.25,345552000,11279.25
12/3/2001,11253.98,11957.83,11049.15,11832.18,470750800,11832.18
12/10/2001,11786.91,11875.03,11349.51,11466.11,291815200,11466.11
12/17/2001,11464.38,11639.22,11122.2,11158.1,209800300,11158.1
12/24/2001,11189.52,11432.29,11182.45,11431.59,119434200,11431.59
12/31/2001,11431.59,11727.81,11241.63,11702.15,201991700,11702.15
1/7/2002,11687.43,11905.55,11085.47,11166.46,364320600,11166.46
1/14/2002,11081.38,11213.86,10808,10972.96,246128000,10972.96
1/21/2002,10967.09,11083.17,10689.06,10772.96,235986600,10772.96
1/28/2002,10749.08,11041.82,10671.77,10691.25,278302400,10691.25
2/4/2002,10680.32,10806.68,10393.83,10518.99,295437900,10518.99
2/11/2002,10596.06,11108.48,10596.06,10961.88,238572400,10961.88
2/18/2002,10905.49,11007,10579.81,10664.94,176810900,10664.94
2/25/2002,10679,10757.11,10387.49,10425.31,222649900,10425.31
3/4/2002,10593.77,11331.12,10561.38,11233.23,348916000,11233.23
3/11/2002,11234.53,11381.85,11150.5,11210.25,256657000,11210.25
3/18/2002,11224.32,11317.75,10810.9,10863.07,271590000,10863.07
3/25/2002,10855.23,11075.4,10715.05,11032.92,211982100,11032.92
4/2/2002,11032.36,11055.98,10747.99,10831.37,196521300,10831.37
4/8/2002,10833.16,10856.64,10610.76,10710.48,180038100,10710.48
4/15/2002,10720.41,11285.05,10690.47,11252.18,265597400,11252.18
4/22/2002,11259.04,11461.59,11102.23,11385.08,300429200,11385.08
4/29/2002,11329.91,11863.62,11260.88,11797.22,329625000,11797.22
5/6/2002,11771.08,11962.1,11591.26,11645.9,267507800,11645.9
5/13/2002,11653.55,12021.72,11650.62,11974.61,225740200,11974.61
5/21/2002,11959.65,12006.92,11586.52,11626.78,251734200,11626.78
5/27/2002,11608.38,11612.53,11260.2,11301.94,220568800,11301.94
6/3/2002,11339.2,11475.19,11204.86,11284.71,165464300,11284.71
6/10/2002,11270.1,11326.43,10940.23,10955.52,173724800,10955.52
6/17/2002,10871.51,10983.72,10574.03,10591.86,231657000,10591.86
6/24/2002,10544.45,10699.32,10291.16,10598.55,249680500,10598.55
7/2/2002,10511.12,10845.88,10407.58,10806.16,192673000,10806.16
7/8/2002,10923.5,10939.56,10482.73,10648.3,182292300,10648.3
7/15/2002,10556.5,10597.35,10213.02,10325.46,184409700,10325.46
7/22/2002,10166.26,10322.49,9687.5,9773.12,252532600,9773.12
7/29/2002,9873.44,10329.05,9829.55,9991.72,190044200,9991.72
8/5/2002,9913.08,10149.9,9632.98,10014.06,185346000,10014.06
8/12/2002,10039.77,10299.72,9883.09,10265.04,190097100,10265.04
8/19/2002,10250.4,10478.65,10166.54,10245.69,165624000,10245.69
8/26/2002,10232.88,10266.76,9988.86,10043.87,147126500,10043.87
9/2/2002,10039.67,10044.57,9629.22,9720.86,206798200,9720.86
9/9/2002,9781.54,9954.82,9609.77,9650.97,173129000,9650.97
9/16/2002,9624.84,9732.33,9210.94,9328.22,250461200,9328.22
9/23/2002,9295.69,9368.14,9014.58,9294.46,179701000,9294.46
9/30/2002,9098.93,9241.86,8915,9051.37,250970100,9051.37
10/7/2002,8844.69,8990.76,8772.48,8965.73,235363400,8965.73
10/15/2002,9153.25,9744.64,9131.41,9613.07,359983800,9613.07
10/21/2002,9593.65,9809.51,9507.99,9722.54,256372300,9722.54
10/28/2002,9732.6,9860.87,9388.35,9407.68,198872800,9407.68
11/4/2002,9587.97,9880.13,9565.79,9770.68,262116900,9770.68
11/11/2002,9699.75,9885.98,9522.45,9865.65,292913400,9865.65
11/18/2002,9994.29,10128.69,9843.09,10065.32,219366800,10065.32
11/25/2002,10031.33,10170.3,9912.02,10069.87,302544100,10069.87
12/2/2002,10107.96,10246.86,9890.62,9973.75,277782900,9973.75
12/9/2002,9988.69,9999.39,9695.74,9728.43,318604700,9728.43
12/16/2002,9644.64,9787.64,9477.82,9628.69,219365400,9628.69
12/23/2002,9640.92,9640.92,9426.06,9445.26,155668100,9445.26
12/30/2002,9345.67,9585.66,9244.9,9583.85,178821400,9583.85
1/6/2003,9605.09,9781.08,9560.82,9721.5,201371800,9721.5
1/13/2003,9752.3,9892.7,9597.23,9614.59,188590500,9614.59
1/20/2003,9551.56,9606.87,9416.12,9460.6,172140600,9460.6
1/27/2003,9326.76,9341.11,9179.24,9258.95,164091000,9258.95
2/4/2003,9327.32,9331.95,9072.67,9150.95,164563900,9150.95
2/10/2003,9135.1,9334.9,9131.62,9201.76,166015000,9201.76
2/17/2003,9311.65,9463.99,9231.37,9250.86,164065700,9250.86
2/24/2003,9302.73,9313.81,9029.95,9122.66,155334400,9122.66
3/3/2003,9141.46,9316.27,8869.61,8907.1,177658400,8907.1
3/10/2003,8894.04,8996.05,8757.22,8956.17,201012500,8956.17
3/17/2003,8901.22,9281.6,8795.08,9179.19,255702800,9179.19
3/24/2003,9214.65,9262.77,8812.32,8863.36,202873400,8863.36
3/31/2003,8755.81,8845.8,8465.79,8822.45,270258400,8822.45
4/7/2003,8838.83,8973.81,8552.68,8645.65,239678500,8645.65
4/14/2003,8598.08,8705.27,8493.46,8579.14,179297800,8579.14
4/22/2003,8531.11,8654.62,8331.87,8409.01,284164000,8409.01
4/28/2003,8354.66,8817.74,8354.66,8808.18,301158100,8808.18
5/5/2003,8895.39,9084.16,8834.69,9084.16,245026400,9084.16
5/12/2003,9164.1,9217.26,9052.25,9093.18,222928700,9093.18
5/19/2003,9074.34,9313.98,8973.66,9303.73,201913200,9303.73
5/26/2003,9412.73,9587.17,9411.32,9487.38,290452600,9487.38
6/2/2003,9582.01,9780.85,9563.72,9694.63,364120300,9694.63
6/9/2003,9698.29,9866.66,9625.47,9855.64,264178700,9855.64
6/16/2003,9821.39,10067.86,9819.88,9930.31,278021000,9930.31
6/23/2003,9918.77,9935.85,9526.92,9657.21,195539700,9657.21
6/30/2003,9594.94,9705.63,9512.2,9636.81,222011500,9636.81
7/7/2003,9683.81,10086.45,9637.9,9911.5,270677800,9911.5
7/14/2003,9990.89,10236.89,9980.25,10140.84,397006400,10140.84
7/21/2003,10189.15,10203.35,9864.45,9939.2,187290000,9939.2
7/28/2003,10031.24,10292.77,10031.24,10248.6,282660800,10248.6
8/4/2003,10208.13,10291,9924.14,9945.22,227224000,9945.22
8/11/2003,9983.88,10434.49,9978.99,10424.56,243457000,10424.56
8/18/2003,10457.35,10768.64,10424.39,10760.73,351504400,10760.73
8/25/2003,10733.12,10934.52,10629.89,10908.99,311586200,10908.99
9/1/2003,10937.79,11198.96,10879.44,11170.61,317725900,11170.61
9/8/2003,11126.31,11242.15,10762.03,10883.52,296540200,10883.52
9/15/2003,10952.58,11204.87,10871.59,10968.42,329597700,10968.42
9/22/2003,10920.03,11444.72,10822.56,11290.15,399285800,11290.15
9/29/2003,11256.06,11652.4,11104.34,11608.72,435580600,11608.72
10/6/2003,11715.91,11958.39,11624.37,11935.83,407439800,11935.83
10/13/2003,11957.38,12104.89,11831.58,12044.49,311598100,12044.49
10/20/2003,11985.4,12297.46,11558.11,11736.37,413677900,11736.37
10/27/2003,11749.87,12304.57,11678.2,12190.1,324111800,12190.1
11/3/2003,12222.44,12537.19,12059.97,12215.17,281431400,12215.17
11/10/2003,12224.79,12281.35,11872.44,12203.53,207991800,12203.53
11/17/2003,11950.48,12049.53,11661.47,11839.8,258530100,11839.8
11/24/2003,11854.97,12339.94,11793.82,12317.47,194552100,12317.47
12/1/2003,12306.26,12539,12236.24,12314.73,217023200,12314.73
12/8/2003,12214.19,12674.08,12124,12594.42,218062600,12594.42
12/15/2003,12705.42,12740.5,12111.23,12371.75,549371700,12371.75
12/22/2003,12422.32,12545.04,12405.64,12456.7,174720700,12456.7
12/29/2003,12443.56,12815.08,12336.73,12801.48,215974700,12801.48
1/5/2004,12844.59,13405.34,12763.1,13385.8,464515900,13385.8
1/12/2004,13315.29,13446.76,13136.92,13167.76,327039600,13167.76
1/19/2004,13187,13776.85,13098.26,13750.58,329775400,13750.58
1/26/2004,13756.76,13780.71,13168.43,13289.37,433574900,13289.37
2/2/2004,13158.26,13320.85,12877.09,13309.6,278096600,13309.6
2/9/2004,13437.21,13744.38,13437.21,13739.8,332862800,13739.8
2/16/2004,13727.97,13984.38,13712.6,13868.37,307361600,13868.37
2/23/2004,13849.68,13934.75,13560.85,13907.03,269241400,13907.03
3/1/2004,14021.36,14058.21,13402.67,13454.76,270464800,13454.76
3/8/2004,13549.94,13677.68,12730.49,12932.23,380375500,12932.23
3/15/2004,13002.32,13075.96,12715.97,12790.58,267089000,12790.58
3/22/2004,12593.42,12699.34,12424.38,12483.24,324672000,12483.24
3/29/2004,12493.36,12763.05,12400.35,12731.76,272018000,12731.76
4/6/2004,12886.11,12979.74,12833.28,12909.37,289974300,12909.37
4/13/2004,13015.24,13126.15,12358.46,12458.38,419726900,12458.38
4/19/2004,12452,12514.85,12091.26,12383.94,321892500,12383.94
4/26/2004,12304.87,12309.46,11856.34,11942.96,323740400,11942.96
5/3/2004,11876.2,12154.18,11835.26,11910.76,276086300,11910.76
5/10/2004,11704.25,11704.25,11245.66,11276.86,355877400,11276.86
5/17/2004,11207.25,11602.27,10917.65,11576.01,387262800,11576.01
5/24/2004,11584.43,12222.26,11512.61,12116.87,319109800,12116.87
5/31/2004,12081.68,12253.26,11844.71,12022.64,248216200,12022.64
6/7/2004,12258.72,12463.26,12233.89,12396.39,291602500,12396.39
6/14/2004,12430.2,12538.65,11789.45,11855.55,271739700,11855.55
6/21/2004,11997.32,12207.12,11781.82,12185.52,265835800,12185.52
6/28/2004,12142.36,12328.48,12037.96,12220.13,238084900,12220.13
7/5/2004,12160.22,12345.18,12114.91,12202.26,205813300,12202.26
7/12/2004,12227.55,12267.91,11862.68,12059.2,204064600,12059.2
7/19/2004,12079.43,12399.37,12033.22,12352.99,241812900,12352.99
7/26/2004,12242.6,12382.03,12084.68,12238.03,207831700,12238.03
8/2/2004,12233.63,12518.55,12131.76,12478.68,263586000,12478.68
8/9/2004,12420.73,12534.64,12271.89,12359.83,229933800,12359.83
8/16/2004,12320.77,12428.77,12150.71,12376.9,217338600,12376.9
8/23/2004,12413.77,12898.02,12385.75,12818.42,337114600,12818.42
8/30/2004,12806.64,13088.42,12802.13,12948.1,258487000,12948.1
9/6/2004,12964.7,13190.39,12865.06,13003.99,315533600,13003.99
9/13/2004,13079.39,13254.21,13007.63,13224.93,394127300,13224.93
9/20/2004,13236.48,13356.88,13035.16,13066.84,445341900,13066.84
9/27/2004,13053.6,13154.91,12884.4,13120.03,326380200,13120.03
10/4/2004,13347.17,13402.96,13186.21,13241.46,343773000,13241.46
10/11/2004,13240.85,13321.54,12982.29,13059.43,281224400,13059.43
10/18/2004,13074.73,13155.37,12945.3,13015.2,214668200,13015.2
10/25/2004,12816.08,13141.3,12743.42,13054.66,355770000,13054.66
11/1/2004,13039.4,13536.87,13001.32,13494.95,321656100,13494.95
11/8/2004,13536.21,13822.11,13463.72,13784.46,353588600,13784.46
11/15/2004,13906.99,13950.94,13726.79,13787.68,424323700,13787.68
11/22/2004,13646.81,14091.89,13629.78,13895.03,383068300,13895.03
11/29/2004,13979.33,14339.06,13936.51,14211.84,458519200,14211.84
12/6/2004,14256.01,14317.31,13869.53,13901.81,362327000,13901.81
12/13/2004,13875.37,14137.38,13760.11,13992.44,340278900,13992.44
12/20/2004,14000.18,14259.94,13957.25,14194.9,205213800,14194.9
12/28/2004,14147.93,14333.24,14096.82,14230.14,202400700,14230.14
1/3/2005,14216.04,14267.21,13403,13574.86,412645900,13574.86
1/10/2005,13573.42,13649.43,13352.71,13494.78,372964800,13494.78
1/17/2005,13529.08,13700.94,13432.46,13481.02,358285800,13481.02
1/24/2005,13449.88,13750.48,13320.53,13650.06,355803300,13650.06
1/31/2005,13625.23,13762.86,13454.4,13585.17,382464200,13585.17
2/7/2005,13749.08,13863.99,13749.08,13845.63,300726700,13845.63
2/14/2005,14006.54,14093.43,13898.92,14087.87,322356800,14087.87
2/21/2005,14072.41,14207.53,13907.54,14157.09,331085000,14157.09
2/28/2005,14204.86,14272.54,13692.39,13730.78,344305000,13730.78
3/7/2005,13829.84,13996.46,13736.18,13890.93,337311200,13890.93
3/14/2005,13832.94,13935.11,13647.06,13828.37,313627900,13828.37
3/21/2005,13822.95,13865.12,13547.84,13597.1,280582100,13597.1
3/29/2005,13552.1,13556.14,13357.17,13491.35,366251600,13491.35
4/4/2005,13474.36,13686.99,13436.96,13666.72,288367000,13666.72
4/11/2005,13614.05,13808.51,13579.16,13638.75,252211600,13638.75
4/18/2005,13382.02,13727.44,13337.44,13693.55,305333800,13693.55
4/25/2005,13744.45,13956.52,13711.39,13908.97,294372600,13908.97
5/3/2005,13969.64,14110.29,13877.92,14033.96,265606400,14033.96
5/9/2005,14068.26,14112.61,13841.86,13866.81,228749300,13866.81
5/17/2005,13861.6,13863.16,13590.05,13717.42,281878500,13717.42
5/23/2005,13730.09,13739.2,13541.77,13714.78,203500200,13714.78
5/30/2005,13741.28,13946.01,13684.52,13818.45,305971600,13818.45
6/6/2005,13768.03,13984.34,13745.68,13934.76,338300500,13934.76
6/13/2005,13948.42,13999.06,13801.42,13912.03,293099100,13912.03
6/20/2005,13928.71,14233.81,13890.78,14230.29,453900400,14230.29
6/27/2005,14142.49,14365.05,14142.14,14201.06,468060800,14201.06
7/4/2005,14188.35,14202.09,13920.87,13964.47,389266700,13964.47
7/11/2005,14065.34,14550.17,14047.01,14504.29,465023200,14504.29
7/18/2005,14496.55,14800.31,14487.87,14786.46,441073700,14786.46
7/25/2005,14794.93,14899.71,14743.69,14880.98,363511600,14880.98
8/1/2005,14892.73,15201.82,14841.12,15051.32,435749100,15051.32
8/8/2005,15033.98,15480.8,15024.54,15450.95,414653000,15450.95
8/15/2005,15435.49,15508.57,15001.44,15038.61,382450400,15038.61
8/22/2005,15093.18,15244.9,14832,14982.89,298423600,14982.89
8/29/2005,14851.68,15249.15,14734.43,15221.89,327677000,15221.89
9/5/2005,15231.77,15307.65,15038.65,15165.77,236742600,15165.77
9/12/2005,15240.4,15240.89,14965.98,14983.2,247100800,14983.2
9/20/2005,14994.77,15271.91,14943.61,15143.97,332635300,15143.97
9/26/2005,15166.16,15470.51,15127.99,15428.52,317862600,15428.52
10/3/2005,15399.87,15493,14798.91,14847.79,404292600,14847.79
10/10/2005,14898.84,14933.93,14439.13,14485.88,400179600,14485.88
10/17/2005,14551.74,14649.71,14308.61,14487.85,379098700,14487.85
10/24/2005,14470.67,14566.1,14189.47,14215.83,331628800,14215.83
10/31/2005,14313.42,14668.53,14255.93,14585.79,290622400,14585.79
11/7/2005,14498.84,14808.47,14317.51,14740.6,294803700,14740.6
11/14/2005,14760.4,14924.62,14518.75,14883.32,291616300,14883.32
11/21/2005,14939.7,15117.88,14806.96,15081.47,265455200,15081.47
11/28/2005,15099.63,15232.32,14866.1,15200.38,300893400,15200.38
12/5/2005,15208.86,15208.86,14860.54,14910.51,302964400,14910.51
12/12/2005,14991.62,15079.96,14863.84,15029.81,286727100,15029.81
12/19/2005,15044.9,15272.72,15044.9,15183.58,242488600,15183.58
12/28/2005,15076.94,15173.48,14811.64,14876.43,310376600,14876.43
1/3/2006,14843.97,15373.79,14843.97,15344.44,431906300,15344.44
1/9/2006,15497.97,15792.36,15497.72,15787.97,524757800,15787.97
1/16/2006,15787.27,15816.54,15376.45,15662.08,462381800,15662.08
1/23/2006,15454.8,15770.45,15412.26,15753.14,497114200,15753.14
2/1/2006,15798.44,15808.18,15420.66,15429.73,538937500,15429.73
2/6/2006,15415.88,15564.96,15327.07,15425.95,484362000,15425.95
2/13/2006,15303.04,15520.6,15240.95,15475.69,397504800,15475.69
2/20/2006,15525.74,15875.33,15525.74,15856.05,369889000,15856.05
2/27/2006,15943.64,15999.31,15768.21,15802,353032400,15802
3/6/2006,15812.72,15845.2,15348.22,15445.05,376069200,15445.05
3/13/2006,15542.79,15845.97,15461.81,15801.66,298360100,15801.66
3/20/2006,15868.49,15973.01,15619.14,15716.46,333582400,15716.46
3/27/2006,15743.67,15964.35,15694.11,15805.04,438329800,15805.04
4/3/2006,15904.97,16534.83,15877.44,16471.78,349360500,16471.78
4/10/2006,16383.58,16527.94,16260.88,16429.45,354204800,16429.45
4/18/2006,16534.9,16991.52,16533.07,16912.15,459327400,16912.15
4/24/2006,16917.61,16930.01,16429.5,16661.3,405625800,16661.3
5/2/2006,16764.59,17099.48,16744.16,17013.93,494264100,17013.93
5/8/2006,17204.25,17328.43,16845.85,16901.85,466015800,16901.85
5/15/2006,16623.35,16673.53,16155.77,16313.36,479759600,16313.36
5/22/2006,16295.37,16304.95,15626.95,15895.1,473456700,15895.1
5/29/2006,15976.27,16006.07,15605.96,15912.71,415631400,15912.71
6/5/2006,15964.31,16062.27,15405.79,15628.69,389563500,15628.69
6/12/2006,15560.71,15851.51,15204.86,15842.65,441016400,15842.65
6/19/2006,15759.96,15885.71,15520.42,15808.81,312901000,15808.81
6/26/2006,15756.68,16273.74,15613.2,16267.62,364789300,16267.62
7/3/2006,16288.59,16497.9,16129.65,16459.78,253459700,16459.78
7/10/2006,16376.82,16606.62,16062.6,16135.71,277138300,16135.71
7/17/2006,15980.5,16483.23,15948.76,16464.18,266748700,16464.18
7/24/2006,16376.38,17034.55,16354.44,16955.04,311560400,16955.04
7/31/2006,17103.44,17114.2,16867.95,16887.8,283294600,16887.8
8/7/2006,16927.74,17349.99,16811.42,17249.95,273619000,17249.95
8/14/2006,17280.07,17506.21,17215.01,17330.7,266871000,17330.7
8/21/2006,17326.38,17329.68,16870.7,16955.45,268091400,16955.45
8/28/2006,16955.88,17514.31,16911.52,17423.72,352336800,17423.72
9/4/2006,17504.33,17538.59,17044.93,17145.76,329962600,17145.76
9/11/2006,17141.61,17304.74,16921.53,17237.65,607185900,17237.65
9/18/2006,17253.7,17663.44,17220.78,17600.65,806249200,17600.65
9/25/2006,17546.04,17683.45,17277.75,17543.05,614514900,17543.05
10/2/2006,17543.05,17940.49,17428.1,17903.39,752506100,17903.39
10/9/2006,17876.04,18067.58,17589.12,17988.86,921735200,17988.86
10/16/2006,18067.2,18148.04,17823.33,18113.55,642437500,18113.55
10/23/2006,18170.22,18465.54,18066.11,18297.55,684611000,18297.55
10/30/2006,18297.55,18771.01,18152.91,18749.69,467133000,18749.69
11/6/2006,18702.25,19161.38,18694.13,18891.14,906310700,18891.14
11/13/2006,18763.44,19237.73,18717.61,19182.71,1272264400,19182.71
11/20/2006,19030.36,19404.01,18928.58,19260.3,788616300,19260.3
11/27/2006,19263.86,19328.12,18618.66,18690.82,964369900,18690.82
12/4/2006,18654.07,19131.22,18587.72,18739.99,1088775900,18739.99
12/11/2006,18811.85,19126.7,18623.61,19110.65,945411200,19110.65
12/18/2006,19094.63,19320.52,18905.44,19320.52,1098841900,19320.52
12/27/2006,19620.53,20049.03,19512.46,19964.72,1046957800,19964.72
1/2/2007,20004.84,20554.58,19757.24,20211.28,1757047500,20211.28
1/8/2007,19915,20173.06,19350.5,19613.41,1513906000,19613.41
1/15/2007,19776.13,20337.93,19746.07,20327.72,1155385200,20327.72
1/22/2007,20501.45,20971.46,20204.67,20281.13,1187909200,20281.13
1/29/2007,20317.39,20704.1,20008.6,20563.68,864335900,20563.68
2/5/2007,20514.83,20771.09,20318.99,20677.66,1010690800,20677.66
2/12/2007,20534.43,20696.65,20127.12,20567.91,801828400,20567.91
2/19/2007,20567.91,20844.25,20540.32,20711.65,604843500,20711.65
2/26/2007,20520.45,20581.42,19346.6,19442.01,1367982900,19442.01
3/5/2007,19137.36,19259.1,18659.23,19134.88,1610570000,19134.88
3/12/2007,19252.37,19470.37,18738.51,18953.5,1202053200,18953.5
3/19/2007,19006.15,19813.21,18967.41,19692.64,1203001000,19692.64
3/26/2007,19719.88,19880.26,19459.19,19800.93,1150504900,19800.93
4/2/2007,19900.01,20210.84,19672.94,20209.71,1070570500,20209.71
4/10/2007,20416.54,20502.17,20248.04,20340.97,1545071600,20340.97
4/16/2007,20493.26,20868.07,20232.81,20566.59,1908800000,20566.59
4/23/2007,20710.38,20778.44,20396.37,20526.5,1208974700,20526.5
4/30/2007,20525.96,20883.21,20130.11,20841.08,946349700,20841.08
5/7/2007,20933.99,21070.21,20420.12,20468.21,1206528400,20468.21
5/14/2007,21036.62,21088.86,20769.1,20904.84,1607612400,20904.84
5/21/2007,20963.52,21055.11,20474.03,20520.66,1071307100,20520.66
5/28/2007,20594.14,20793.38,20184.48,20602.87,1276663800,20602.87
6/4/2007,20698.99,20943.94,20433.52,20509.15,1528611600,20509.15
6/11/2007,20649.05,21052.95,20511.03,21017.05,1654414300,21017.05
6/18/2007,21256.29,22052.85,21256.29,21999.91,2341550100,21999.91
6/25/2007,21884.1,22085.59,21562,21772.73,1860543700,21772.73
7/3/2007,22004.14,22565.43,21960.76,22531.74,2011718300,22531.74
7/9/2007,22719.99,23239.92,22539.7,23099.29,2849708500,23099.29
7/16/2007,23098.66,23301.93,22782.63,23291.9,1767093400,23291.9
7/23/2007,23170.35,23557.74,22443.1,22570.41,1963877500,22570.41
7/30/2007,22478.77,23199.9,22144.73,22538.44,2030965300,22538.44
8/6/2007,22128.06,22796.73,21661.05,21792.71,1919428400,21792.71
8/13/2007,21932,22012.04,19386.72,20387.13,2421131000,20387.13
8/20/2007,21140.73,23063.93,20901.64,22921.89,3448067600,22921.89
8/27/2007,23358.38,24089,22686.84,23984.14,2947985000,23984.14
9/3/2007,23611.02,24283.15,23611.02,23982.61,1939443300,23982.61
9/10/2007,23584.07,24978.61,23578.11,24898.11,1785017900,24898.11
9/17/2007,24977.42,25893.2,24368.65,25843.78,2333982000,25843.78
9/24/2007,26002.1,27254.97,25994.78,27142.47,2468492600,27142.47
10/1/2007,27142.47,28871.04,26746.63,27831.52,2845149600,27831.52
10/8/2007,28233.3,29133.76,27491.93,28838.37,3534576400,28838.37
10/15/2007,29147.84,30025.07,28484.2,29465.05,2412289700,29465.05
10/22/2007,28336.97,30562.63,28336.97,30405.22,3129838100,30405.22
10/29/2007,30986.22,31958.41,30366.69,30468.34,3621700200,30468.34
11/5/2007,30165.78,30356.79,28408.53,28783.41,2776929400,28783.41
11/12/2007,28061.45,29249.99,26952.94,27614.43,2777467600,27614.43
11/19/2007,27628.97,27851.31,25861.73,26541.09,2282184200,26541.09
11/26/2007,27398.53,28792.3,26637.61,28643.61,2412896400,28643.61
12/3/2007,28825.03,29962.93,28544.18,28842.47,1964053900,28842.47
12/10/2007,29017.7,29235.21,27245.17,27563.64,2544107800,27563.64
12/17/2007,27236.45,27670.31,26093.96,27626.92,1863907900,27626.92
12/24/2007,27965.25,28343.39,27296.86,27370.6,1520690500,27370.6
12/31/2007,27437.94,27820.14,27437.94,27812.65,853767000,27812.65
