Date,Hsi_Close,Date,Dji_Close
1/3/2006,14944.77,1/3/2006,10847.41
1/4/2006,15200.06,1/4/2006,10880.15
1/5/2006,15271.13,1/5/2006,10882.15
1/6/2006,15344.44,1/6/2006,10959.31
1/9/2006,15547.43,1/9/2006,11011.9
1/10/2006,15569.91,1/10/2006,11011.58
1/11/2006,15650.88,1/11/2006,11043.44
1/12/2006,15719.37,1/12/2006,10962.36
1/13/2006,15787.97,1/13/2006,10959.87
1/16/2006,15777.72,1/17/2006,10896.32
1/17/2006,15576.2,1/18/2006,10854.86
1/18/2006,15481.21,1/19/2006,10880.71
1/19/2006,15670.42,1/20/2006,10667.39
1/20/2006,15662.08,1/23/2006,10688.77
1/23/2006,15464.77,1/24/2006,10712.22
1/24/2006,15530.57,1/25/2006,10709.74
1/25/2006,15520.39,1/26/2006,10809.47
1/26/2006,15520.07,1/27/2006,10907.21
1/27/2006,15753.14,1/30/2006,10899.92
2/1/2006,15742.3,1/31/2006,10864.86
2/2/2006,15691.69,2/1/2006,10953.95
2/3/2006,15429.73,2/2/2006,10851.98
2/6/2006,15548.06,2/3/2006,10793.62
2/7/2006,15517.01,2/6/2006,10798.27
2/8/2006,15373.44,2/7/2006,10749.76
2/9/2006,15413.43,2/8/2006,10858.62
2/10/2006,15425.95,2/9/2006,10883.35
2/13/2006,15312.09,2/10/2006,10919.05
2/14/2006,15420.32,2/13/2006,10892.32
2/15/2006,15423.26,2/14/2006,11028.39
2/16/2006,15450.88,2/15/2006,11058.97
2/17/2006,15475.69,2/16/2006,11120.68
2/20/2006,15598.67,2/17/2006,11115.32
2/21/2006,15627.24,2/21/2006,11069.06
2/22/2006,15635.72,2/22/2006,11137.17
2/23/2006,15812.53,2/23/2006,11069.22
2/24/2006,15856.05,2/24/2006,11061.85
2/27/2006,15949.89,2/27/2006,11097.55
2/28/2006,15918.48,2/28/2006,10993.41
3/1/2006,15818.09,3/1/2006,11053.53
3/2/2006,15882.45,3/2/2006,11025.51
3/3/2006,15802,3/3/2006,11021.59
3/6/2006,15811.83,3/6/2006,10958.59
3/7/2006,15602.36,3/7/2006,10980.69
3/8/2006,15493.09,3/8/2006,11005.74
3/9/2006,15510.13,3/9/2006,10972.28
3/10/2006,15445.05,3/10/2006,11076.34
3/13/2006,15542.07,3/13/2006,11076.02
3/14/2006,15519.76,3/14/2006,11151.34
3/15/2006,15720.36,3/15/2006,11209.77
3/16/2006,15729.04,3/16/2006,11253.24
3/17/2006,15801.66,3/17/2006,11279.65
3/20/2006,15929.95,3/20/2006,11274.53
3/21/2006,15922.75,3/21/2006,11235.47
3/22/2006,15642.81,3/22/2006,11317.43
3/23/2006,15771.17,3/23/2006,11270.29
3/24/2006,15716.46,3/24/2006,11279.97
3/27/2006,15815.87,3/27/2006,11250.11
3/28/2006,15856.58,3/28/2006,11154.54
3/29/2006,15745.11,3/29/2006,11215.7
3/30/2006,15880.69,3/30/2006,11150.7
3/31/2006,15805.04,3/31/2006,11109.32
4/3/2006,16063.75,4/3/2006,11144.94
4/4/2006,16100.09,4/4/2006,11203.85
4/5/2006,16100.09,4/5/2006,11239.55
4/6/2006,16411.13,4/6/2006,11216.5
4/7/2006,16471.78,4/7/2006,11120.04
4/10/2006,16521.59,4/10/2006,11141.33
4/11/2006,16475.81,4/11/2006,11089.63
4/12/2006,16310.76,4/12/2006,11129.97
4/13/2006,16429.45,4/13/2006,11137.65
4/18/2006,16637.53,4/17/2006,11073.78
4/19/2006,16830.44,4/18/2006,11268.77
4/20/2006,16944.34,4/19/2006,11278.77
4/21/2006,16912.15,4/20/2006,11342.89
4/24/2006,16705.67,4/21/2006,11347.45
4/25/2006,16577.77,4/24/2006,11336.32
4/26/2006,16672.66,4/25/2006,11283.25
4/27/2006,16742.85,4/26/2006,11354.49
4/28/2006,16661.3,4/27/2006,11382.51
5/2/2006,16868.04,4/28/2006,11367.14
5/3/2006,17026.98,5/1/2006,11343.29
5/4/2006,17013.93,5/2/2006,11416.44
5/8/2006,17301.79,5/3/2006,11400.28
5/9/2006,17133.99,5/4/2006,11438.86
5/10/2006,17080.59,5/5/2006,11577.74
5/11/2006,17140.78,5/8/2006,11584.54
5/12/2006,16901.85,5/9/2006,11639.77
5/15/2006,16494.84,5/10/2006,11642.65
5/16/2006,16393.11,5/11/2006,11500.73
5/17/2006,16615.55,5/12/2006,11380.99
5/18/2006,16266.52,5/15/2006,11428.77
5/19/2006,16313.36,5/16/2006,11419.89
5/22/2006,15805.52,5/17/2006,11205.61
5/23/2006,15864.56,5/18/2006,11128.29
5/24/2006,15822.64,5/19/2006,11144.06
5/25/2006,15696.89,5/22/2006,11125.32
5/26/2006,15895.1,5/23/2006,11098.35
5/29/2006,15963.77,5/24/2006,11117.32
5/30/2006,15857.89,5/25/2006,11211.05
6/1/2006,15645.27,5/26/2006,11278.61
6/2/2006,15912.71,5/30/2006,11094.43
6/5/2006,16016.23,5/31/2006,11168.31
6/6/2006,15973.11,6/1/2006,11260.28
6/7/2006,15816.55,6/2/2006,11247.87
6/8/2006,15450.11,6/5/2006,11048.72
6/9/2006,15628.69,6/6/2006,11002.14
6/12/2006,15621.44,6/7/2006,10930.9
6/13/2006,15234.42,6/8/2006,10938.82
6/14/2006,15247.92,6/9/2006,10891.92
6/15/2006,15435.08,6/12/2006,10792.58
6/16/2006,15842.65,6/13/2006,10706.14
6/19/2006,15768.86,6/14/2006,10816.91
6/20/2006,15608.97,6/15/2006,11015.19
6/21/2006,15659.36,6/16/2006,11014.54
6/22/2006,15826.7,6/19/2006,10942.11
6/23/2006,15808.81,6/20/2006,10974.84
6/26/2006,15804.81,6/21/2006,11079.46
6/27/2006,15774.7,6/22/2006,11019.11
6/28/2006,15742.66,6/23/2006,10989.09
6/29/2006,15865.22,6/26/2006,11045.28
6/30/2006,16267.62,6/27/2006,10924.74
7/3/2006,16326.66,6/28/2006,10973.56
7/4/2006,16368.98,6/29/2006,11190.8
7/5/2006,16267.18,6/30/2006,11150.22
7/6/2006,16440.99,7/3/2006,11228.02
7/7/2006,16459.78,7/5/2006,11151.82
7/10/2006,16603.81,7/6/2006,11225.3
7/11/2006,16490.13,7/7/2006,11090.67
7/12/2006,16522.21,7/10/2006,11103.55
7/13/2006,16305.48,7/11/2006,11134.77
7/14/2006,16135.71,7/12/2006,11013.18
7/17/2006,16064.82,7/13/2006,10846.29
7/18/2006,16043.94,7/14/2006,10739.35
7/19/2006,16097.54,7/17/2006,10747.36
7/20/2006,16472.62,7/18/2006,10799.23
7/21/2006,16464.18,7/19/2006,11011.42
7/24/2006,16480.59,7/20/2006,10928.1
7/25/2006,16583.86,7/21/2006,10868.38
7/26/2006,16617.24,7/24/2006,11051.05
7/27/2006,16916.77,7/25/2006,11103.71
7/28/2006,16955.04,7/26/2006,11102.51
7/31/2006,16971.34,7/27/2006,11100.43
8/1/2006,16911.37,7/28/2006,11219.7
8/2/2006,17032.75,7/31/2006,11185.68
8/3/2006,17048.42,8/1/2006,11125.73
8/4/2006,16887.8,8/2/2006,11199.92
8/7/2006,16953.55,8/3/2006,11242.59
8/8/2006,17048.2,8/4/2006,11240.35
8/9/2006,17346.58,8/7/2006,11219.38
8/10/2006,17222.14,8/8/2006,11173.59
8/11/2006,17249.95,8/9/2006,11076.18
8/14/2006,17290.01,8/10/2006,11124.37
8/15/2006,17274.07,8/11/2006,11088.02
8/16/2006,17451.03,8/14/2006,11097.87
8/17/2006,17373.05,8/15/2006,11230.26
8/18/2006,17330.7,8/16/2006,11327.12
8/21/2006,17007.88,8/17/2006,11334.96
8/22/2006,17149.75,8/18/2006,11381.47
8/23/2006,17088.39,8/21/2006,11345.04
8/24/2006,16883.04,8/22/2006,11339.84
8/25/2006,16955.45,8/23/2006,11297.9
8/28/2006,16922.29,8/24/2006,11304.46
8/29/2006,17083.28,8/25/2006,11284.05
8/30/2006,17284.71,8/28/2006,11352.01
8/31/2006,17392.27,8/29/2006,11369.94
9/1/2006,17423.72,8/30/2006,11382.91
9/4/2006,17513.88,8/31/2006,11381.15
9/5/2006,17438.8,9/1/2006,11464.15
9/6/2006,17258.51,9/5/2006,11469.28
9/7/2006,17096.44,9/6/2006,11406.2
9/8/2006,17145.76,9/7/2006,11331.44
9/11/2006,16948.59,9/8/2006,11392.11
9/12/2006,17075.4,9/11/2006,11396.84
9/13/2006,17210.04,9/12/2006,11498.09
9/14/2006,17183.45,9/13/2006,11543.32
9/15/2006,17237.65,9/14/2006,11527.39
9/18/2006,17387.21,9/15/2006,11560.77
9/19/2006,17346.7,9/18/2006,11555
9/20/2006,17512.96,9/19/2006,11540.91
9/21/2006,17619.97,9/20/2006,11613.19
9/22/2006,17600.65,9/21/2006,11533.23
9/25/2006,17546.04,9/22/2006,11508.1
9/26/2006,17308.08,9/25/2006,11575.81
9/27/2006,17521.51,9/26/2006,11669.39
9/28/2006,17530.57,9/27/2006,11689.24
9/29/2006,17543.05,9/28/2006,11718.45
10/2/2006,17543.05,9/29/2006,11679.07
10/3/2006,17606.53,10/2/2006,11670.35
10/4/2006,17629.21,10/3/2006,11727.34
10/5/2006,17907.67,10/4/2006,11850.61
10/6/2006,17903.39,10/5/2006,11866.69
10/9/2006,17675.24,10/6/2006,11850.21
10/10/2006,17823.7,10/9/2006,11857.81
10/11/2006,17862.79,10/10/2006,11867.17
10/12/2006,17873.09,10/11/2006,11852.13
10/13/2006,17988.86,10/12/2006,11947.7
10/16/2006,18010.2,10/13/2006,11960.51
10/17/2006,18014.84,10/16/2006,11980.59
10/18/2006,18048.09,10/17/2006,11950.02
10/19/2006,17986.97,10/18/2006,11992.68
10/20/2006,18113.55,10/19/2006,12011.73
10/23/2006,18089.85,10/20/2006,12002.37
10/24/2006,18153.41,10/23/2006,12116.91
10/25/2006,18157.94,10/24/2006,12127.88
10/26/2006,18353.74,10/25/2006,12134.68
10/27/2006,18297.55,10/26/2006,12163.66
10/30/2006,18297.55,10/27/2006,12090.26
10/31/2006,18324.35,10/30/2006,12086.49
11/1/2006,18453.65,10/31/2006,12080.73
11/2/2006,18714.78,11/1/2006,12031.02
11/3/2006,18749.69,11/2/2006,12018.54
11/6/2006,18936.55,11/3/2006,11986.04
11/7/2006,18939.31,11/6/2006,12105.55
11/8/2006,18811.24,11/7/2006,12156.77
11/9/2006,18952.86,11/8/2006,12176.54
11/10/2006,18891.14,11/9/2006,12103.3
11/13/2006,18868.54,11/10/2006,12108.43
11/14/2006,18878.42,11/13/2006,12131.88
11/15/2006,19093,11/14/2006,12218.01
11/16/2006,19154.07,11/15/2006,12251.71
11/17/2006,19182.71,11/16/2006,12305.82
11/20/2006,18954.63,11/17/2006,12342.55
11/21/2006,19008.3,11/20/2006,12316.54
11/22/2006,19250.79,11/21/2006,12321.59
11/23/2006,19265.32,11/22/2006,12326.95
11/24/2006,19260.3,11/24/2006,12280.17
11/27/2006,19204.01,11/27/2006,12121.71
11/28/2006,18639.53,11/28/2006,12136.44
11/29/2006,18780.93,11/29/2006,12226.73
11/30/2006,18960.48,11/30/2006,12221.93
12/1/2006,18690.82,12/1/2006,12194.13
12/4/2006,18702.73,12/4/2006,12283.85
12/5/2006,18944.19,12/5/2006,12331.6
12/6/2006,19026.36,12/6/2006,12309.25
12/7/2006,18842.99,12/7/2006,12278.41
12/8/2006,18739.99,12/8/2006,12307.48
12/11/2006,18924.66,12/11/2006,12328.48
12/12/2006,18907.17,12/12/2006,12315.58
12/13/2006,18718.19,12/13/2006,12317.5
12/14/2006,18919.4,12/14/2006,12416.76
12/15/2006,19110.65,12/15/2006,12445.52
12/18/2006,19192.91,12/18/2006,12441.27
12/19/2006,18964.55,12/19/2006,12471.32
12/20/2006,19240.12,12/20/2006,12463.87
12/21/2006,19222.84,12/21/2006,12421.25
12/22/2006,19320.52,12/22/2006,12343.21
12/27/2006,19725.73,12/26/2006,12407.63
12/28/2006,20001.91,12/27/2006,12510.57
12/29/2006,19964.72,12/28/2006,12501.52
1/2/2007,20310.18,12/29/2006,12463.15
1/3/2007,20413.39,1/3/2007,12474.52
1/4/2007,20025.58,1/4/2007,12480.69
1/5/2007,20211.28,1/5/2007,12398.01
1/8/2007,20029.66,1/8/2007,12423.49
1/9/2007,19898.08,1/9/2007,12416.6
1/10/2007,19568.34,1/10/2007,12442.16
1/11/2007,19385.37,1/11/2007,12514.98
1/12/2007,19613.41,1/12/2007,12556.08
1/15/2007,20068.56,1/16/2007,12582.59
1/16/2007,20027.95,1/17/2007,12577.15
1/17/2007,20064.57,1/18/2007,12567.93
1/18/2007,20277.51,1/19/2007,12565.53
1/19/2007,20327.72,1/22/2007,12477.16
1/22/2007,20772.22,1/23/2007,12533.8
1/23/2007,20769.7,1/24/2007,12621.77
1/24/2007,20821.05,1/25/2007,12502.56
1/25/2007,20669.83,1/26/2007,12487.02
1/26/2007,20281.13,1/29/2007,12490.78
1/29/2007,20236.68,1/30/2007,12523.31
1/30/2007,20460.46,1/31/2007,12621.69
1/31/2007,20106.42,2/1/2007,12673.68
2/1/2007,20430.16,2/2/2007,12653.49
2/2/2007,20563.68,2/5/2007,12661.74
2/5/2007,20455.62,2/6/2007,12666.31
2/6/2007,20655.2,2/7/2007,12666.87
2/7/2007,20679.69,2/8/2007,12637.63
2/8/2007,20735.05,2/9/2007,12580.83
2/9/2007,20677.66,2/12/2007,12552.55
2/12/2007,20593.41,2/13/2007,12654.85
2/13/2007,20132.25,2/14/2007,12741.86
2/14/2007,20209.91,2/15/2007,12765.01
2/15/2007,20538.42,2/16/2007,12767.57
2/16/2007,20567.91,2/20/2007,12786.64
2/19/2007,20567.91,2/21/2007,12738.41
2/21/2007,20651.42,2/22/2007,12686.02
2/22/2007,20809.23,2/23/2007,12647.48
2/23/2007,20711.65,2/26/2007,12632.26
2/26/2007,20507.95,2/27/2007,12216.24
2/27/2007,20147.87,2/28/2007,12268.63
2/28/2007,19651.51,3/1/2007,12234.34
3/1/2007,19346.6,3/2/2007,12114.1
3/2/2007,19442.01,3/5/2007,12050.41
3/5/2007,18664.88,3/6/2007,12207.59
3/6/2007,19058.56,3/7/2007,12192.45
3/7/2007,18918.64,3/8/2007,12260.7
3/8/2007,19175.17,3/9/2007,12276.32
3/9/2007,19134.88,3/12/2007,12318.62
3/12/2007,19442.42,3/13/2007,12075.96
3/13/2007,19333.14,3/14/2007,12133.4
3/14/2007,18836.93,3/15/2007,12159.68
3/15/2007,18969.44,3/16/2007,12110.41
3/16/2007,18953.5,3/19/2007,12226.17
3/19/2007,19266.74,3/20/2007,12288.1
3/20/2007,19356.9,3/21/2007,12447.52
3/21/2007,19516.41,3/22/2007,12461.14
3/22/2007,19690.25,3/23/2007,12481.01
3/23/2007,19692.64,3/26/2007,12469.07
3/26/2007,19765.85,3/27/2007,12397.29
3/27/2007,19706.79,3/28/2007,12300.36
3/28/2007,19553.87,3/29/2007,12348.75
3/29/2007,19821.78,3/30/2007,12354.35
3/30/2007,19800.93,4/2/2007,12382.3
4/2/2007,19809.7,4/3/2007,12510.93
4/3/2007,20002.7,4/4/2007,12530.05
4/4/2007,20209.71,4/5/2007,12560.83
4/10/2007,20347.87,4/9/2007,12569.14
4/11/2007,20449.43,4/10/2007,12573.85
4/12/2007,20380.21,4/11/2007,12484.62
4/13/2007,20340.97,4/12/2007,12552.96
4/16/2007,20757.53,4/13/2007,12612.13
4/17/2007,20788.61,4/16/2007,12720.46
4/18/2007,20777.09,4/17/2007,12773.04
4/19/2007,20299.71,4/18/2007,12803.84
4/20/2007,20566.59,4/19/2007,12808.63
4/23/2007,20556.57,4/20/2007,12961.98
4/24/2007,20572.8,4/23/2007,12919.4
4/25/2007,20536.78,4/24/2007,12953.94
4/26/2007,20667.29,4/25/2007,13089.89
4/27/2007,20526.5,4/26/2007,13105.5
4/30/2007,20318.98,4/27/2007,13120.94
5/1/2007,20318.98,4/30/2007,13062.91
5/2/2007,20388.49,5/1/2007,13136.14
5/3/2007,20681.58,5/2/2007,13211.88
5/4/2007,20841.08,5/3/2007,13241.38
5/7/2007,20896.64,5/4/2007,13264.62
5/8/2007,20706.35,5/7/2007,13312.97
5/9/2007,20844.78,5/8/2007,13309.07
5/10/2007,20746.27,5/9/2007,13362.87
5/11/2007,20468.21,5/10/2007,13215.13
5/14/2007,20979.24,5/11/2007,13326.22
5/15/2007,20868.15,5/14/2007,13346.78
5/16/2007,20937.26,5/15/2007,13383.84
5/17/2007,20994.61,5/16/2007,13487.53
5/18/2007,20904.84,5/17/2007,13476.72
5/21/2007,20927.75,5/18/2007,13556.53
5/22/2007,20843.92,5/21/2007,13542.88
5/23/2007,20798.97,5/22/2007,13539.95
5/24/2007,20798.97,5/23/2007,13525.65
5/25/2007,20520.66,5/24/2007,13441.13
5/28/2007,20529.76,5/25/2007,13507.28
5/29/2007,20469.59,5/29/2007,13521.34
5/30/2007,20293.76,5/30/2007,13633.08
5/31/2007,20634.47,5/31/2007,13627.64
6/1/2007,20602.87,6/1/2007,13668.11
6/4/2007,20729.59,6/4/2007,13676.32
6/5/2007,20842.15,6/5/2007,13595.46
6/6/2007,20818.61,6/6/2007,13465.67
6/7/2007,20800.16,6/7/2007,13266.73
6/8/2007,20509.15,6/8/2007,13424.39
6/11/2007,20615.49,6/11/2007,13424.96
6/12/2007,20636.39,6/12/2007,13295.01
6/13/2007,20578.75,6/13/2007,13482.35
6/14/2007,20867.26,6/14/2007,13553.73
6/15/2007,21017.05,6/15/2007,13639.48
6/18/2007,21582.89,6/18/2007,13612.98
6/19/2007,21582.89,6/19/2007,13635.42
6/20/2007,21684.67,6/20/2007,13489.42
6/21/2007,21954.67,6/21/2007,13545.84
6/22/2007,21999.91,6/22/2007,13360.26
6/25/2007,21822.35,6/25/2007,13352.05
6/26/2007,21803.57,6/26/2007,13337.66
6/27/2007,21705.56,6/27/2007,13427.73
6/28/2007,21938.22,6/28/2007,13422.28
6/29/2007,21772.73,6/29/2007,13408.62
7/3/2007,22151.14,7/2/2007,13535.43
7/4/2007,22218.55,7/3/2007,13577.3
7/5/2007,22252.99,7/5/2007,13565.84
7/6/2007,22531.74,7/6/2007,13611.68
7/9/2007,22817.43,7/9/2007,13649.97
7/10/2007,22885.84,7/10/2007,13501.7
7/11/2007,22607.02,7/11/2007,13577.87
7/12/2007,22809.02,7/12/2007,13861.73
7/13/2007,23099.29,7/13/2007,13907.25
7/16/2007,22953.94,7/16/2007,13950.98
7/17/2007,23057.3,7/17/2007,13971.55
7/18/2007,22841.92,7/18/2007,13918.22
7/19/2007,23016.2,7/19/2007,14000.41
7/20/2007,23291.9,7/20/2007,13851.08
7/23/2007,23365.56,7/23/2007,13943.42
7/24/2007,23472.88,7/24/2007,13716.95
7/25/2007,23362.18,7/25/2007,13785.79
7/26/2007,23211.69,7/26/2007,13473.57
7/27/2007,22570.41,7/27/2007,13265.47
7/30/2007,22739.9,7/30/2007,13358.31
7/31/2007,23184.94,7/31/2007,13211.99
8/1/2007,22455.36,8/1/2007,13362.37
8/2/2007,22443.25,8/2/2007,13463.33
8/3/2007,22538.44,8/3/2007,13181.91
8/6/2007,21936.73,8/6/2007,13468.78
8/7/2007,21907.99,8/7/2007,13504.3
8/8/2007,22536.67,8/8/2007,13657.86
8/9/2007,22439.36,8/9/2007,13270.68
8/10/2007,21792.71,8/10/2007,13239.54
8/13/2007,21891.1,8/13/2007,13236.53
8/14/2007,22007.32,8/14/2007,13028.92
8/15/2007,21375.72,8/15/2007,12861.47
8/16/2007,20672.39,8/16/2007,12845.78
8/17/2007,20387.13,8/17/2007,13079.08
8/20/2007,21595.63,8/20/2007,13121.35
8/21/2007,21729.35,8/21/2007,13090.86
8/22/2007,22346.88,8/22/2007,13236.13
8/23/2007,22966.97,8/23/2007,13235.88
8/24/2007,22921.89,8/24/2007,13378.87
8/27/2007,23577.73,8/27/2007,13322.13
8/28/2007,23363.76,8/28/2007,13041.85
8/29/2007,23020.6,8/29/2007,13289.29
8/30/2007,23484.54,8/30/2007,13238.73
8/31/2007,23984.14,8/31/2007,13357.74
9/3/2007,23904.09,9/4/2007,13448.86
9/4/2007,23886.07,9/5/2007,13305.47
9/5/2007,24069.17,9/6/2007,13363.35
9/6/2007,24050.4,9/7/2007,13113.38
9/7/2007,23982.61,9/10/2007,13127.85
9/10/2007,23999.7,9/11/2007,13308.39
9/11/2007,23952.24,9/12/2007,13291.65
9/12/2007,24310.14,9/13/2007,13424.88
9/13/2007,24537.02,9/14/2007,13442.52
9/14/2007,24898.11,9/17/2007,13403.42
9/17/2007,24599.34,9/18/2007,13739.39
9/18/2007,24576.85,9/19/2007,13815.56
9/19/2007,25554.64,9/20/2007,13766.7
9/20/2007,25701.13,9/21/2007,13820.19
9/21/2007,25843.78,9/24/2007,13759.06
9/24/2007,26551.94,9/25/2007,13778.65
9/25/2007,26430.29,9/26/2007,13878.15
9/26/2007,26430.29,9/27/2007,13912.94
9/27/2007,27065.15,9/28/2007,13895.63
9/28/2007,27142.47,10/1/2007,14087.55
10/1/2007,27142.47,10/2/2007,14047.31
10/2/2007,28199.75,10/3/2007,13968.05
10/3/2007,27479.94,10/4/2007,13974.31
10/4/2007,26973.98,10/5/2007,14066.01
10/5/2007,27831.52,10/8/2007,14043.73
10/8/2007,27770.29,10/9/2007,14164.53
10/9/2007,28228.04,10/10/2007,14078.69
10/10/2007,28569.33,10/11/2007,14015.12
10/11/2007,29133.02,10/12/2007,14093.08
10/12/2007,28838.37,10/15/2007,13984.8
10/15/2007,29540.78,10/16/2007,13912.94
10/16/2007,28954.55,10/17/2007,13892.54
10/17/2007,29298.71,10/18/2007,13888.96
10/18/2007,29465.05,10/19/2007,13522.02
10/19/2007,29465.05,10/22/2007,13566.97
10/22/2007,28373.63,10/23/2007,13676.23
10/23/2007,29376.86,10/24/2007,13675.25
10/24/2007,29333.53,10/25/2007,13671.92
10/25/2007,29854.49,10/26/2007,13806.7
10/26/2007,30405.22,10/29/2007,13870.26
10/29/2007,31586.9,10/30/2007,13792.47
10/30/2007,31638.22,10/31/2007,13930.01
10/31/2007,31352.58,11/1/2007,13567.87
11/1/2007,31492.88,11/2/2007,13595.1
11/2/2007,30468.34,11/5/2007,13543.4
11/5/2007,28942.32,11/6/2007,13660.94
11/6/2007,29438.13,11/7/2007,13300.02
11/7/2007,29708.93,11/8/2007,13266.29
11/8/2007,28760.22,11/9/2007,13042.74
11/9/2007,28783.41,11/12/2007,12987.55
11/12/2007,27665.73,11/13/2007,13307.09
11/13/2007,27803.35,11/14/2007,13231.01
11/14/2007,29166.01,11/15/2007,13110.05
11/15/2007,28751.21,11/16/2007,13176.79
11/16/2007,27614.43,11/19/2007,12958.44
11/19/2007,27460.17,11/20/2007,13010.14
11/20/2007,27771.21,11/21/2007,12799.04
11/21/2007,26618.19,11/23/2007,12980.88
11/22/2007,26004.92,11/26/2007,12743.44
11/23/2007,26541.09,11/27/2007,12958.44
11/26/2007,27626.62,11/28/2007,13289.45
11/27/2007,27210.21,11/29/2007,13311.73
11/28/2007,27371.24,11/30/2007,13371.72
11/29/2007,28482.54,12/3/2007,13314.57
11/30/2007,28643.61,12/4/2007,13248.73
12/3/2007,28658.42,12/5/2007,13444.96
12/4/2007,28879.59,12/6/2007,13619.89
12/5/2007,29345.45,12/7/2007,13625.58
12/6/2007,29558.92,12/10/2007,13727.03
12/7/2007,28842.47,12/11/2007,13432.77
12/10/2007,28501.1,12/12/2007,13473.9
12/11/2007,29226.84,12/13/2007,13517.96
12/12/2007,28521.06,12/14/2007,13339.85
12/13/2007,27744.45,12/17/2007,13167.2
12/14/2007,27563.64,12/18/2007,13232.47
12/17/2007,26596.58,12/19/2007,13207.27
12/18/2007,26732.87,12/20/2007,13245.64
12/19/2007,27029.26,12/21/2007,13450.65
12/20/2007,27017.09,12/24/2007,13550.04
12/21/2007,27626.92,12/26/2007,13551.69
12/24/2007,28128.8,12/27/2007,13359.61
12/27/2007,27842.93,12/28/2007,13365.87
12/28/2007,27370.6,12/31/2007,13264.82
12/31/2007,27812.65,1/2/2008,13043.96
1/2/2008,27560.52,1/3/2008,13056.72
1/3/2008,26887.28,1/4/2008,12800.18
1/4/2008,27519.69,1/7/2008,12827.49
1/7/2008,27179.49,1/8/2008,12589.07
1/8/2008,27112.9,1/9/2008,12735.31
1/9/2008,27615.85,1/10/2008,12853.09
1/10/2008,27230.86,1/11/2008,12606.3
1/11/2008,26867.01,1/14/2008,12778.15
1/14/2008,26468.13,1/15/2008,12501.11
1/15/2008,25837.78,1/16/2008,12466.16
1/16/2008,24450.85,1/17/2008,12159.21
1/17/2008,25114.98,1/18/2008,12099.3
1/18/2008,25201.87,1/22/2008,11971.19
1/21/2008,23818.86,1/23/2008,12270.17
1/22/2008,21757.63,1/24/2008,12378.61
1/23/2008,24090.17,1/25/2008,12207.17
1/24/2008,23539.27,1/28/2008,12383.89
1/25/2008,25122.37,1/29/2008,12480.3
1/28/2008,24053.61,1/30/2008,12442.83
1/29/2008,24291.8,1/31/2008,12650.36
1/30/2008,23653.69,2/1/2008,12743.19
1/31/2008,23455.74,2/4/2008,12635.16
2/1/2008,24123.58,2/5/2008,12265.13
2/4/2008,25032.08,2/6/2008,12200.1
2/5/2008,24808.7,2/7/2008,12247
2/6/2008,23469.46,2/8/2008,12182.13
2/11/2008,22616.11,2/11/2008,12240.01
2/12/2008,22921.67,2/12/2008,12373.41
2/13/2008,23169.55,2/13/2008,12552.24
2/14/2008,24021.68,2/14/2008,12376.98
2/15/2008,24148.43,2/15/2008,12348.21
2/19/2008,24123.17,2/19/2008,12337.22
2/20/2008,23590.58,2/20/2008,12427.26
2/21/2008,23623,2/21/2008,12284.3
2/22/2008,23305.04,2/22/2008,12381.02
2/25/2008,23269.14,2/25/2008,12570.22
2/26/2008,23714.75,2/26/2008,12684.92
2/27/2008,24483.84,2/27/2008,12694.28
2/28/2008,24591.69,2/28/2008,12582.18
2/29/2008,24331.67,2/29/2008,12266.39
3/3/2008,23584.97,3/3/2008,12258.9
3/4/2008,23119.87,3/4/2008,12213.8
3/5/2008,23114.34,3/5/2008,12254.99
3/6/2008,23342.73,3/6/2008,12040.39
3/7/2008,22501.33,3/7/2008,11893.69
3/10/2008,22705.05,3/10/2008,11740.15
3/11/2008,22995.35,3/11/2008,12156.81
3/12/2008,23422.76,3/12/2008,12110.24
3/13/2008,22301.64,3/13/2008,12145.74
3/14/2008,22237.11,3/14/2008,11951.09
3/17/2008,21084.61,3/17/2008,11972.25
3/18/2008,21384.61,3/18/2008,12392.66
3/19/2008,21866.94,3/19/2008,12099.66
3/20/2008,21108.22,3/20/2008,12361.32
3/24/2008,21108.22,3/24/2008,12548.64
3/25/2008,22464.52,3/25/2008,12532.6
3/26/2008,22617.01,3/26/2008,12422.86
3/27/2008,22664.22,3/27/2008,12302.46
3/28/2008,23285.95,3/28/2008,12216.4
3/31/2008,22849.2,3/31/2008,12262.89
4/1/2008,23137.46,4/1/2008,12654.36
4/2/2008,23872.43,4/2/2008,12608.92
4/3/2008,24264.63,4/3/2008,12626.03
4/4/2008,24264.63,4/4/2008,12609.42
4/7/2008,24578.76,4/7/2008,12612.43
4/8/2008,24311.69,4/8/2008,12576.44
4/9/2008,23984.57,4/9/2008,12527.26
4/10/2008,24187.1,4/10/2008,12581.98
4/11/2008,24667.79,4/11/2008,12325.42
4/14/2008,23811.2,4/14/2008,12302.06
4/15/2008,23901.33,4/15/2008,12362.47
4/16/2008,23878.35,4/16/2008,12619.27
4/17/2008,24258.96,4/17/2008,12620.49
4/18/2008,24197.78,4/18/2008,12849.36
4/21/2008,24721.67,4/21/2008,12825.02
4/22/2008,24939.15,4/22/2008,12720.23
4/23/2008,25289.24,4/23/2008,12763.22
4/24/2008,25680.78,4/24/2008,12848.95
4/25/2008,25516.78,4/25/2008,12891.86
4/28/2008,25666.29,4/28/2008,12871.75
4/29/2008,25914.15,4/29/2008,12831.94
4/30/2008,25755.35,4/30/2008,12820.13
5/1/2008,25755.35,5/1/2008,13010
5/2/2008,26241.02,5/2/2008,13058.2
5/5/2008,26183.95,5/5/2008,12969.54
5/6/2008,26262.13,5/6/2008,13020.83
5/7/2008,25610.21,5/7/2008,12814.35
5/8/2008,25449.79,5/8/2008,12866.78
5/9/2008,25063.17,5/9/2008,12745.88
5/12/2008,25063.17,5/12/2008,12876.05
5/13/2008,25552.77,5/13/2008,12832.18
5/14/2008,25533.48,5/14/2008,12898.38
5/15/2008,25513.71,5/15/2008,12992.66
5/16/2008,25618.86,5/16/2008,12986.8
5/19/2008,25742.23,5/19/2008,13028.16
5/20/2008,25169.46,5/20/2008,12828.68
5/21/2008,25460.29,5/21/2008,12601.19
5/22/2008,25043.12,5/22/2008,12625.62
5/23/2008,24714.07,5/23/2008,12479.63
5/26/2008,24127.31,5/27/2008,12548.35
5/27/2008,24282.04,5/28/2008,12594.03
5/28/2008,24249.51,5/29/2008,12646.22
5/29/2008,24383.99,5/30/2008,12638.32
5/30/2008,24533.12,6/2/2008,12503.82
6/2/2008,24831.36,6/3/2008,12402.85
6/3/2008,24375.76,6/4/2008,12390.48
6/4/2008,24123.25,6/5/2008,12604.45
6/5/2008,24255.29,6/6/2008,12209.81
6/6/2008,24402.18,6/9/2008,12280.32
6/10/2008,23375.52,6/10/2008,12289.76
6/11/2008,23327.6,6/11/2008,12083.77
6/12/2008,23023.86,6/12/2008,12141.58
6/13/2008,22592.3,6/13/2008,12307.35
6/16/2008,23029.69,6/16/2008,12269.08
6/17/2008,23057.99,6/17/2008,12160.3
6/18/2008,23325.8,6/18/2008,12029.06
6/19/2008,22797.61,6/19/2008,12063.09
6/20/2008,22745.6,6/20/2008,11842.69
6/23/2008,22714.96,6/23/2008,11842.36
6/24/2008,22456.02,6/24/2008,11807.43
6/25/2008,22635.16,6/25/2008,11811.83
6/26/2008,22455.67,6/26/2008,11453.42
6/27/2008,22042.35,6/27/2008,11346.51
6/30/2008,22102.01,6/30/2008,11350.01
7/2/2008,21704.45,7/1/2008,11382.26
7/3/2008,21242.78,7/2/2008,11215.51
7/4/2008,21423.82,7/3/2008,11288.53
7/7/2008,21913.06,7/7/2008,11231.96
7/8/2008,21220.81,7/8/2008,11384.21
7/9/2008,21805.81,7/9/2008,11147.44
7/10/2008,21821.78,7/10/2008,11229.02
7/11/2008,22184.55,7/11/2008,11100.54
7/14/2008,22014.46,7/14/2008,11055.19
7/15/2008,21174.77,7/15/2008,10962.54
7/16/2008,21223.5,7/16/2008,11239.28
7/17/2008,21734.72,7/17/2008,11446.66
7/18/2008,21874.19,7/18/2008,11496.57
7/21/2008,22532.9,7/21/2008,11467.34
7/22/2008,22527.48,7/22/2008,11602.5
7/23/2008,23134.55,7/23/2008,11632.38
7/24/2008,23087.72,7/24/2008,11349.28
7/25/2008,22740.71,7/25/2008,11370.69
7/28/2008,22687.21,7/28/2008,11131.08
7/29/2008,22258,7/29/2008,11397.56
7/30/2008,22690.6,7/30/2008,11583.69
7/31/2008,22731.1,7/31/2008,11378.02
8/1/2008,22862.6,8/1/2008,11326.32
8/4/2008,22514.92,8/4/2008,11284.15
8/5/2008,21949.75,8/5/2008,11615.77
8/7/2008,22104.2,8/6/2008,11656.07
8/8/2008,21885.21,8/7/2008,11431.43
8/11/2008,21859.34,8/8/2008,11734.32
8/12/2008,21640.89,8/11/2008,11782.35
8/13/2008,21293.32,8/12/2008,11642.47
8/14/2008,21392.71,8/13/2008,11532.96
8/15/2008,21160.58,8/14/2008,11615.93
8/18/2008,20930.67,8/15/2008,11659.9
8/19/2008,20484.37,8/18/2008,11479.39
8/20/2008,20931.26,8/19/2008,11348.55
8/21/2008,20392.06,8/20/2008,11417.43
8/22/2008,20392.06,8/21/2008,11430.21
8/25/2008,21104.79,8/22/2008,11628.06
8/26/2008,21056.66,8/25/2008,11386.25
8/27/2008,21464.72,8/26/2008,11412.87
8/28/2008,20972.29,8/27/2008,11502.51
8/29/2008,21261.89,8/28/2008,11715.18
9/1/2008,20906.31,8/29/2008,11543.55
9/2/2008,21042.46,9/2/2008,11516.92
9/3/2008,20585.06,9/3/2008,11532.88
9/4/2008,20389.48,9/4/2008,11188.23
9/5/2008,19933.28,9/5/2008,11220.96
9/8/2008,20794.27,9/8/2008,11510.74
9/9/2008,20491.11,9/9/2008,11230.73
9/10/2008,19999.78,9/10/2008,11268.92
9/11/2008,19388.72,9/11/2008,11433.71
9/12/2008,19352.9,9/12/2008,11421.99
9/16/2008,18300.61,9/15/2008,10917.51
9/17/2008,17637.19,9/16/2008,11059.02
9/18/2008,17632.46,9/17/2008,10609.66
9/19/2008,19327.73,9/18/2008,11019.69
9/22/2008,19632.2,9/19/2008,11388.44
9/23/2008,18872.85,9/22/2008,11015.69
9/24/2008,18961.99,9/23/2008,10854.17
9/25/2008,18934.43,9/24/2008,10825.17
9/26/2008,18682.09,9/25/2008,11022.06
9/29/2008,17880.68,9/26/2008,11143.13
9/30/2008,18016.21,9/29/2008,10365.45
10/2/2008,18211.11,9/30/2008,10850.66
10/3/2008,17682.4,10/1/2008,10831.07
10/6/2008,16803.76,10/2/2008,10482.85
10/7/2008,16803.76,10/3/2008,10325.38
10/8/2008,15431.73,10/6/2008,9955.5
10/9/2008,15943.24,10/7/2008,9447.11
10/10/2008,14796.87,10/8/2008,9258.1
10/13/2008,16312.16,10/9/2008,8579.19
10/14/2008,16832.88,10/10/2008,8451.19
10/15/2008,15998.3,10/13/2008,9387.61
10/16/2008,15230.52,10/14/2008,9310.99
10/17/2008,14554.21,10/15/2008,8577.91
10/20/2008,15323.01,10/16/2008,8979.26
10/21/2008,15041.17,10/17/2008,8852.22
10/22/2008,14266.6,10/20/2008,9265.43
10/23/2008,13760.49,10/21/2008,9045.21
10/24/2008,12618.38,10/22/2008,8519.21
10/27/2008,11015.84,10/23/2008,8691.25
10/28/2008,12596.29,10/24/2008,8378.95
10/29/2008,12702.07,10/27/2008,8175.77
10/30/2008,14329.85,10/28/2008,9065.12
10/31/2008,13968.67,10/29/2008,8990.96
11/3/2008,14344.37,10/30/2008,9180.69
11/4/2008,14384.34,10/31/2008,9336.93
11/5/2008,14840.16,11/3/2008,9319.83
11/6/2008,13790.04,11/4/2008,9625.28
11/7/2008,14243.43,11/5/2008,9139.27
11/10/2008,14744.63,11/6/2008,8695.79
11/11/2008,14040.9,11/7/2008,8943.81
11/12/2008,13939.09,11/10/2008,8870.54
11/13/2008,13221.35,11/11/2008,8693.96
11/14/2008,13542.66,11/12/2008,8282.66
11/17/2008,13529.53,11/13/2008,8835.25
11/18/2008,12915.89,11/14/2008,8497.31
11/19/2008,12815.8,11/17/2008,8273.58
11/20/2008,12298.56,11/18/2008,8424.75
11/21/2008,12659.2,11/19/2008,7997.28
11/24/2008,12457.94,11/20/2008,7552.29
11/25/2008,12878.6,11/21/2008,8046.42
11/26/2008,13369.45,11/24/2008,8443.39
11/27/2008,13552.06,11/25/2008,8479.47
11/28/2008,13888.24,11/26/2008,8726.61
12/1/2008,14108.84,11/28/2008,8829.04
12/2/2008,13405.85,12/1/2008,8149.09
12/3/2008,13588.66,12/2/2008,8419.09
12/4/2008,13509.78,12/3/2008,8591.69
12/5/2008,13846.09,12/4/2008,8376.24
12/8/2008,15044.87,12/5/2008,8635.42
12/9/2008,14753.22,12/8/2008,8934.18
12/10/2008,15577.74,12/9/2008,8691.33
12/11/2008,15613.9,12/10/2008,8761.42
12/12/2008,14758.39,12/11/2008,8565.09
12/15/2008,15046.95,12/12/2008,8629.68
12/16/2008,15130.21,12/15/2008,8564.53
12/17/2008,15460.52,12/16/2008,8924.14
12/18/2008,15497.81,12/17/2008,8824.34
12/19/2008,15127.51,12/18/2008,8604.99
12/22/2008,14622.39,12/19/2008,8579.11
12/23/2008,14220.79,12/22/2008,8519.69
12/24/2008,14184.14,12/23/2008,8419.49
12/26/2008,14184.14,12/24/2008,8468.48
12/29/2008,14328.48,12/26/2008,8515.55
12/30/2008,14235.5,12/29/2008,8483.93
12/31/2008,14387.48,12/30/2008,8668.39
1/2/2009,15042.81,12/31/2008,8776.39
1/5/2009,15563.31,1/2/2009,9034.69
1/6/2009,15509.51,1/5/2009,8952.89
1/7/2009,14987.46,1/6/2009,9015.1
1/8/2009,14415.91,1/7/2009,8769.7
1/9/2009,14377.44,1/8/2009,8742.46
1/12/2009,13971,1/9/2009,8599.18
1/13/2009,13668.05,1/12/2009,8473.97
1/14/2009,13704.61,1/13/2009,8448.56
1/15/2009,13242.96,1/14/2009,8200.14
1/16/2009,13255.51,1/15/2009,8212.49
1/19/2009,13339.99,1/16/2009,8281.22
1/20/2009,12959.77,1/20/2009,7949.09
1/21/2009,12583.63,1/21/2009,8228.1
1/22/2009,12657.99,1/22/2009,8122.8
1/23/2009,12578.6,1/23/2009,8077.56
1/29/2009,13154.43,1/26/2009,8116.03
1/30/2009,13278.21,1/27/2009,8174.73
2/2/2009,12861.49,1/28/2009,8375.45
2/3/2009,12776.89,1/29/2009,8149.01
2/4/2009,13063.89,1/30/2009,8000.86
2/5/2009,13178.9,2/2/2009,7936.83
2/6/2009,13655.04,2/3/2009,8078.36
2/9/2009,13769.06,2/4/2009,7956.66
2/10/2009,13880.64,2/5/2009,8063.07
2/11/2009,13539.21,2/6/2009,8280.59
2/12/2009,13228.3,2/9/2009,8270.87
2/13/2009,13554.67,2/10/2009,7888.88
2/16/2009,13455.88,2/11/2009,7939.53
2/17/2009,12945.4,2/12/2009,7932.76
2/18/2009,13016,2/13/2009,7850.41
2/19/2009,13023.36,2/17/2009,7552.6
2/20/2009,12699.17,2/18/2009,7555.63
2/23/2009,13175.1,2/19/2009,7465.95
2/24/2009,12798.52,2/20/2009,7365.67
2/25/2009,13005.08,2/23/2009,7114.78
2/26/2009,12894.94,2/24/2009,7350.94
2/27/2009,12811.57,2/25/2009,7270.89
3/2/2009,12317.46,2/26/2009,7182.08
3/3/2009,12033.88,2/27/2009,7062.93
3/4/2009,12331.15,3/2/2009,6763.29
3/5/2009,12211.24,3/3/2009,6726.02
3/6/2009,11921.52,3/4/2009,6875.84
3/9/2009,11344.58,3/5/2009,6594.44
3/10/2009,11694.05,3/6/2009,6626.94
3/11/2009,11930.66,3/9/2009,6547.05
3/12/2009,12001.53,3/10/2009,6926.49
3/13/2009,12525.8,3/11/2009,6930.4
3/16/2009,12976.71,3/12/2009,7170.06
3/17/2009,12878.09,3/13/2009,7223.98
3/18/2009,13117.17,3/16/2009,7216.97
